Company,Post,Location,Link,Rating
Grant Street Group,Software Developer â€“ Entry Level,Remote,https://www.indeed.com/viewjob?jk=89620098ece3a31d,3.7
,Jr. Software Development Manager (Entry Level),Remote,https://www.indeed.com/viewjob?jk=5ec9fdc3b359fea9,
,Entry Level Software/Developer,"Jersey City, NJ",https://www.indeed.com/viewjob?jk=b5372ef4688fb456,
Emonics LLC,Entry Level Software Development Engineer,"Jersey City, NJ",https://www.indeed.com/viewjob?jk=2e6d8edbd3a53bd7,4.8
,Data Engineer/ Entry-Level,"New Brunswick, NJ",https://www.indeed.com/viewjob?jk=c9db0584b4d6f639,
LOCKHEED MARTIN CORPORATION,Entry Level Software Engineer,"Huntsville, AL",https://www.indeed.com/viewjob?jk=69a58ffe5a6934cd,4.0
Reynolds and Reynolds,Entry Level Software Developer,"College Station, TX",https://www.indeed.com/viewjob?jk=61f40143da36005e,3.2
,Entry Level Software Developer,"Texas City, TX",https://www.indeed.com/viewjob?jk=dc972f876ec4fd8b,
,Jr RPA Developer (Entry Level),Remote,https://www.indeed.com/viewjob?jk=cad2bf7cd6db0821,
,Entry Level Business Analyst,"Boston, MA",https://www.indeed.com/viewjob?jk=3b33fa077e045fb8,
,Entry Level Business Analyst,"Jersey City, NJ",https://www.indeed.com/viewjob?jk=9b031c0828e5720c,
,Entry-Level IT Internship,Remote,https://www.indeed.com/viewjob?jk=72976572f8dea678,
Medtronic,Software Engineer I,"Boston, MA",https://www.indeed.com/viewjob?jk=93ac2abd1a8ac8c8,3.9
DraftKings,Business Data Analyst - Entry Level *Spring 2021 Graduates Only*,"Boston, MA",https://www.indeed.com/viewjob?jk=f914be8099981a41,4.2
Property Matrix,Entry Level Software Developer,"Van Nuys, CA",https://www.indeed.com/viewjob?jk=5fcf983abe24e3ef,4.8
BeaconFire Solution,Entry-level Java Developer,"Princeton, NJ",https://www.indeed.com/viewjob?jk=bcf0fe1f59601ed3,4.8
MassMutual,Full Stack Programmer,"New York, NY",https://www.indeed.com/viewjob?jk=7a72d6e77feebe32,3.7
Medline Industries Inc,Cross Ref Data Analyst-Entry Level,"Northfield, IL",https://www.indeed.com/viewjob?jk=66da63fd69b8efca,3.4
,Jr. Program Manager / Product Owner (Entry Level),Remote,https://www.indeed.com/viewjob?jk=6b61d1f424d9ed86,
PowerSchool Group LLC,Software Engineering Intern,"Bethlehem, PA",https://www.indeed.com/viewjob?jk=c5f5d6a774966dc0,3.0
Alion Science and Technology,"Software Engineer, Associate","Hanover, MD",https://www.indeed.com/viewjob?jk=dd26e41525940be2,3.7
Avanade,Entry Level Software Engineer - Raleigh,"Raleigh, NC",https://www.indeed.com/viewjob?jk=59be63d98071221d,3.6
Asset Panda,Entry Level to Senior Level Software Developers,United States,https://www.indeed.com/viewjob?jk=8dc264404320d7ca,4.0
HCSS,Entry-Level Software Developer (.NET),"Houston, TX",https://www.indeed.com/viewjob?jk=e71d6c170cc4478e,3.9
Emonics LLC,Entry Level Java Developer,"Jersey City, NJ",https://www.indeed.com/viewjob?jk=dcbbb1f7fedac572,4.8
,Entry Level C# Developer,"Minneapolis, MN",https://www.indeed.com/viewjob?jk=8f310b5a9607b291,
Intel,Software Development Engineer,"Phoenix, AZ",https://www.indeed.com/viewjob?jk=cc78a160068f158d,4.1
,Entry Level Software Tester/Quality Assurance,"Duluth, GA",https://www.indeed.com/viewjob?jk=3b2b6f7fae34a122,
,Data Analyst II Database developer II Entry level II Full-time,"New York, NY",https://www.indeed.com/viewjob?jk=0a9957bd24a0b92e,
Property Matrix,Entry Level Software Developer,"Van Nuys, CA",https://www.indeed.com/viewjob?jk=5fcf983abe24e3ef,4.8
,Java Developer (Entry-Level),"Calverton, MD",https://www.indeed.com/viewjob?jk=844aa427ff0a3bc4,
,Remote Training and Placement in Business Analyst precision technologies.,"Queens, NY",https://www.indeed.com/viewjob?jk=5503de9c42746513,
General Dynamics Information Technology,Software Developer,"Herndon, VA",https://www.indeed.com/viewjob?jk=d2b71c36e349b87d,3.8
Intel,Software Engineer,"Folsom, CA",https://www.indeed.com/viewjob?jk=2b311323a35da757,4.1
,Linux Administrator (Entry-Level),"Calverton, MD",https://www.indeed.com/viewjob?jk=68e3b220fbd18e4f,
,Data Analyst | Entry Level | Training,"Raleigh, NC",https://www.indeed.com/viewjob?jk=3f7416bdebdea4ec,
Dynetics,Entry Level Software Engineer - UAS C2,"Huntsville, AL",https://www.indeed.com/viewjob?jk=b20bfa45cd3b7d37,4.3
,Seeking a motivated & talented Jr/Entry Level Designer,"Los Angeles, CA",https://www.indeed.com/viewjob?jk=8ced84e44d77682a,
,Entry Level Business Analyst,"Houston, TX",https://www.indeed.com/viewjob?jk=4069fa13935a2d44,
,Software Engineer - Entry Level,"Fort Meade, MD",https://www.indeed.com/viewjob?jk=4016a5806ba5d69a,
Z NETWORKS,Entry Level Web Design (Seattle),"Seattle, WA",https://www.indeed.com/viewjob?jk=32ceb161f3d0991d,2.7
Synchronoss Technologies,Operations Customer Support * Software* Entry Level *,"Phoenix, AZ",https://www.indeed.com/viewjob?jk=bc3edb7b130a4b19,3.4
Reynolds and Reynolds,Entry Level Software Sales Trainee,"Edison, NJ",https://www.indeed.com/viewjob?jk=47e9eb85617f4ccf,3.2
,Entry Level Software and Creative Project Associates/Coordinator,"Norcross, GA",https://www.indeed.com/viewjob?jk=be5987499acb4556,
Property Matrix,Entry Level Software Developer,"Van Nuys, CA",https://www.indeed.com/viewjob?jk=5fcf983abe24e3ef,4.8
BOEING,Software Engineer Entry-Level,"St. Louis, MO",https://www.indeed.com/viewjob?jk=fb93ad1b14009e95,4.0
"Jack Henry and Associates, Inc.",DevOps Engineer - Entry-Level,"Allen, TX",https://www.indeed.com/viewjob?jk=c57361218f073d75,3.5
,Software Engineer,"East Rochester, NY",https://www.indeed.com/viewjob?jk=2993dade829ee6de,
Smart Ims,Entry level .NET Developer,"Atlanta, GA",https://www.indeed.com/viewjob?jk=e0b940e6c907af95,3.3
CyberForce|Q,Entry Level Cybersecurity Analyst,"Plymouth, MI",https://www.indeed.com/viewjob?jk=b9a0d257614958c8,3.0
,Website Developer,"Quakertown, PA",https://www.indeed.com/viewjob?jk=4e4412dbc8110c2e,
Emonics LLC,UI/React/Web Developer,"Jersey City, NJ",https://www.indeed.com/viewjob?jk=7c88bd44c617468c,4.8
Hotels At Home,IT Support Specialist (Entry Level),"Fairfield, NJ",https://www.indeed.com/viewjob?jk=5bf6ecfa549bd1ab,3.0
Millennium Systems International,Front End Developer (Entry Level),"Parsippany, NJ",https://www.indeed.com/viewjob?jk=96192320242dc871,3.8
,Entry-Level Technical Support,"Mineola, NY",https://www.indeed.com/viewjob?jk=ecd6a703d22e8e23,
Per Scholas Inc.,Entry Level Tech Support - Mainframe,"Charlotte, NC",https://www.indeed.com/viewjob?jk=8235ffca8ca54ca5,4.4
,Entry Level Developer,"Hallowell, ME",https://www.indeed.com/viewjob?jk=21ebd022b2fa056f,
BOEING,Entry Level Test and Evaluation Engineer,"Huntsville, AL",https://www.indeed.com/viewjob?jk=0a205cdc68fedf63,4.0
Naval Nuclear Laboratory,Entry Level Reactor/Refueling Operations Engineer,"Goose Creek, SC",https://www.indeed.com/viewjob?jk=5a25c81a2cf9f2bd,2.7
Property Matrix,Entry Level Software Developer,"Van Nuys, CA",https://www.indeed.com/viewjob?jk=5fcf983abe24e3ef,4.8
Cisco Systems,Software Engineer,"Milpitas, CA",https://www.indeed.com/viewjob?jk=77a35669c4aea9c0,4.1
Reynolds and Reynolds,Entry Level Traveling Customer Trainer,"Cincinnati, OH",https://www.indeed.com/viewjob?jk=740826b370e51c8a,3.2
GuideWell Source,Associate IT,Remote,https://www.indeed.com/viewjob?jk=a45996a9439227af,3.3
,Paid Internship- STEM Entry Level Data Analyst and Visualization,"San Diego, CA",https://www.indeed.com/viewjob?jk=63c829f12ce64866,
University of Houston,Application Developer 1,"Houston, TX",https://www.indeed.com/viewjob?jk=4a822ca8dc9c7bb4,4.2
Salesforce,Summer 2021 Intern - Mulesoft Cloud Governance,"New York, NY",https://www.indeed.com/viewjob?jk=97251fafb534187a,4.3
,Entry Level Opportunity in Business Intelligence and Data Engineering,"Arlington, TX",https://www.indeed.com/viewjob?jk=0457bc02f843ec1f,
,Entry Level IT Support/Programming Associate,"Phoenix, AZ",https://www.indeed.com/viewjob?jk=3156c5bbc160209c,
,Software Support Specialist- Entry Level,"Hauppauge, NY",https://www.indeed.com/viewjob?jk=375eff75491919ee,
Vertafore,Customer Support Specialist I (Entry-Level),"Denver, CO",https://www.indeed.com/viewjob?jk=43c6e9243c62b4d6,3.2
BOEING,Entry Level Systems Security Engineer,"Seattle, WA",https://www.indeed.com/viewjob?jk=9a8f3869d697ba86,4.0
LTS Associate Inc.,Entry Level Technical Support,"Mount Laurel, NJ",https://www.indeed.com/viewjob?jk=d8b2c4fb06c7b4c6,3.4
NFI Industries,Jr. Business Analyst,"Camden, NJ",https://www.indeed.com/viewjob?jk=0a2ab61abf73d9e2,3.2
Labatt Food Service,Entry Level Help Desk Tech,"San Antonio, TX",https://www.indeed.com/viewjob?jk=27500b0751840282,3.0
Property Matrix,Entry Level Software Developer,"Van Nuys, CA",https://www.indeed.com/viewjob?jk=5fcf983abe24e3ef,4.8
